{
  "version": 1,
  "author": "Anonymous maker",
  "editor": "wokwi",
  "parts": [
    { "type": "wokwi-arduino-uno", "id": "uno", "top": -28.67, "left": -41.33, "attrs": {} },
    {
      "type": "wokwi-dht22",
      "id": "dht1",
      "top": 5.94,
      "left": 265.4,
      "attrs": { "humidity": "75", "temperature": "80" }
    },
    { "type": "wokwi-lcd1602", "id": "lcd1", "top": -251.34, "left": -31.75, "attrs": {} },
    {
      "type": "wokwi-resistor",
      "id": "r1",
      "top": 77.28,
      "left": 352.25,
      "attrs": { "value": "1000" }
    },
    { "type": "wokwi-potentiometer", "id": "pot1", "top": -72.12, "left": 385.06, "attrs": {} },
    {
      "type": "wokwi-buzzer",
      "id": "bz1",
      "top": -204.18,
      "left": 333.86,
      "attrs": { "volume": "0.1" }
    }
  ],
  "connections": [
    [ "dht1:VCC", "uno:5V", "red", [ "h-0.4", "v139.23", "h-161.33" ] ],
    [ "dht1:GND", "uno:GND.2", "black", [ "v131.23", "h-181.03" ] ],
    [ "dht1:SDA", "uno:A0", "green", [ "v121.23", "h-123.23" ] ],
    [ "uno:12", "lcd1:RS", "green", [ "v-14.73", "h-62.22" ] ],
    [ "lcd1:E", "uno:11", "green", [ "v10.71", "h52.22" ] ],
    [ "lcd1:D4", "uno:5", "green", [ "v0" ] ],
    [ "lcd1:D5", "uno:4", "green", [ "v0" ] ],
    [ "lcd1:D6", "uno:3", "green", [ "v0" ] ],
    [ "lcd1:D7", "uno:2", "green", [ "v0" ] ],
    [ "lcd1:VSS", "uno:GND.1", "green", [ "v0" ] ],
    [ "lcd1:RW", "uno:GND.1", "green", [ "v0" ] ],
    [ "lcd1:VDD", "uno:5V", "green", [ "v0" ] ],
    [ "r1:2", "uno:5V", "green", [ "v0" ] ],
    [ "r1:1", "lcd1:A", "green", [ "v-118.97", "h-215.3" ] ],
    [ "lcd1:K", "uno:GND.1", "green", [ "v0" ] ],
    [ "pot1:VCC", "uno:5V", "red", [ "v0" ] ],
    [ "pot1:GND", "uno:GND.3", "black", [ "v0" ] ],
    [ "pot1:SIG", "lcd1:V0", "green", [ "v0" ] ],
    [ "bz1:1", "uno:GND.1", "green", [ "v0" ] ],
    [ "bz1:2", "uno:13", "green", [ "v0" ] ]
  ]
}